Set FOREIGN_KEY_CHECKS = 0;

INSERT IGNORE INTO user (userid, firstname, lastname, email, password, phone, phone_consent, data_consent, request_delete, request_pass, role) VALUES
(1,'Mary','Poppins','aspoonfull@sugar.com','m3dicin3','+4670433223344','2026-01-12 09:14:00','2026-01-12 09:15:10',NULL,NULL,'member'),
(2,'Natasha','Romanoff','nromanoff@shield.gov','blackwid0w','+467045558899','2026-04-02 11:20:00','2026-04-02 11:20:00','2026-01-08 16:42:00',NULL,'member'),
(3,'Alicia','Vikander','avikander@film.se','exmachina','+46703334455','2026-01-28 14:03:00','2026-01-28 14:03:00',NULL,NULL,'member'),
(4,'Noomi','Rapace','nrapace@millennium.se','lisbeth','46701112233','2026-02-05 11:30:00','2026-02-05 11:30:00',NULL,NULL,'staff'),
(5,'Stellan','Skarsgard','sskarsgard@cinema.se','chern0byl','+46702223344','2026-02-18 08:55:00','2026-02-18 08:55:00',NULL,NULL,'staff'),
(6,'Max','vonSydow','mvonsydow@bergman.se','seventhseal','+46704445566','2026-03-01 10:00:00','2026-03-01 10:00:00',NULL,NULL,'staff');

INSERT IGNORE INTO price (priceid, price, type) VALUES
(1, 80.00, 'child'),
(2, 140.00, 'adult'),
(3, 120.00, 'senior');

INSERT IGNORE INTO film (filmid, title, duration, language, subtitle_language, trailer, description, cover_image, details, genre, viewer_rating, priceid) VALUES
(1,'Hamilton',104,'Svenska','Engelska','https://www.youtube.com/embed/2y-br2NyKO4?si=oAKoQvz2MuAAL8T5','Hamilton beordras att utreda kidnappningen av en svensk ingenjör, men avslöjar snart en internationell vapenkonspiration på högsta regeringsnivå, samt planer på en terroristattack mot svensk mark. ','https://resizing.flixster.com/JywWcnkMyge6ybl-CufVWNbn2fM=/206x305/v2/https://resizing.flixster.com/-XZAfHZM39UwaGJIFWKAE8fS0ak=/v3/t/assets/p9790648_v_v8_ay.jpg','{\"actor\": [{\"name\": \"Mikael Persbrandt\"}, {\"name\": \"PErnilla Augustl\"}, {\"name\": \"Saba Mubarak\"}], \"director\": \"Kathrine Windfeld\", \"release_year\": \"2012\", \"production_counrty\": \"Sverige\"}','action','bfj',2),
(2,'The Maltese Falcon',92,'Engelska','Engelska','https://www.youtube.com/embed/Yv-BPuqhW9U?si=r9zJq4R4-U3A0rYD&start=9&end=113','Ett hemsökande mysterium tar form i starka kontraster och tysta gator.','https://image.tmdb.org/t/p/original/i29JdpMEDtyHTTu7wobqxR82Ud8.jpg','{\"actor\": \"\", \"director\": \"\", \"release_year\": \"1941\", \"production_counrty\": \"\"}','blackandwhite','11+',2),
(3,'Det Sjunde Inseglet',96,'Svenska','Engelska','https://www.youtube.com/embed/vZucwtdSvJ8?si=Ejsmrt2j3YQ3cDIK','En riddare konfronterar tro, död och öde under en förödande pest.','https://www.nordicposters.se/p/det_sjunde_inseglet_57.jpg','{\"actor\": [{\"name\": \"Bibi Andersson\"}, {\"name\": \"Inga Gill\"}, {\"name\": \"Max von Sydow\"}], \"director\": \"Ingmar Bergman\", \"release_year\": \"1957\", \"production_company\": \"\", \"production_counrty\": \"Sverige\"}','classic','bfj',2),
(4,'Laughing Stock',101,'Engelska','Svenska','https://www.youtube.com/embed/tuKQiYn7Q84?si=GB1Ki3Wd3Nv-PYu9','En kämpande komiker råkar snubbla in i berömmelse genom en rad katastrofer.','https://i.ytimg.com/vi/tuKQiYn7Q84/hqdefault.jpg','{\"actor\": [], \"director\": \"\", \"release_year\": \"2025\", \"production_company\": \"\", \"production_counrty\": \"\"}','comedy','7+',2),
(5,'Mavka',99,'Svenska','Nej','https://www.youtube.com/embed/Rnz0JHjzlWk?si=h86Vz45KKW0UnbK5','Syskon samarbetar med skogens djur för att rädda sitt hem.','https://external-content.duckduckgo.com/iu/?u=https%3A%2F%2Fimages.fanart.tv%2Ffanart%2Fmavka-the-forest-song-636c1d9614176.jpg&f=1&nofb=1&ipt=0dc52111b5bc235992ca362b3cc780fd99045a25c7710ffba126a9b89a13a5ae','{\"actor\": [{\"name\": \"Olena Kravets\"}, {\"name\": \"Natalka Denisenko\"}], \"director\": \"Oleksandra Ruban\", \"release_year\": \"2023\", \"production_company\": \"Animagrad\", \"production_counrty\": \"Ukraina\"}','family','btl',2),
(6,'Snowed Inn Christmas',104,'Engelska','Svenska','https://www.youtube.com/embed/P7rP2xvaOKU?si=du2PxtE2OnfvbaAO&start=1&end=29','Fastfrusna resenärer finner kärlek och gemenskap på julafton.','https://media.themoviedb.org/t/p/w220_and_h330_face/1GdsUysHya4mdlcZ1ALlBJ3nyqb.jpg','{\"release_year\": 2017}','holiday','7+',2),
(7,'Frankenstein',113,'Engelska','Svenska','https://www.youtube.com/embed/8aulMPhE12g?si=XOzYh8levm1YQ8eU&end=123','Den Oscarsbelönade regissören Guillermo del Toro adapterar Mary Shelleys klassiska berättelse om Victor Frankenstein, en briljant men egoistisk vetenskapsman som väcker en varelse till liv i ett monstruöst experiment som i slutändan leder till både skaparens och hans tragiska skapelse.','https://posterspy.com/wp-content/uploads/2025/11/frankenstein.jpg','{\"actor\": [{\"name\": \"Oscar Isaac\"}, {\"name\": \"Mia Goth\"}, {\"name\": \"Jacob Elordi\"}], \"director\": \"Guillermo Del Toro\", \"release_year\": \"2025\", \"production_company\": \"Bluegrass Films\", \"production_counrty\": \"USA\"}','horror','15+',2),
(8,'Amelie',109,'Franska','Engelska','https://www.youtube.com/embed/WnpYa6fGPdY?si=50S6svE7qGeKFuRB','Trots att hon är fångad i sin fantasifulla värld bestämmer sig den unga servitrisen Amelie för att hjälpa människor att hitta lycka. Hennes strävan att sprida glädje leder henne på en resa där hon finner sann kärlek.','https://catalog.cinema-api.com/cf/images/ncg-images/63dfaf2b3c2a41a28d27b6b7bdceb81e.jpg?version=E59D4F91147732BA3A5CB9EB547D0676&w=480&q=70','{\"actor\": [{\"name\": \"Mathieu Kassovitz\"}, {\"name\": \"Rufus\"}, {\"name\": \"Audrey Tautou\"}], \"director\": \"Jean-Pierre Jeunet\", \"release_year\": \"2001\", \"production_counrty\": \"Frankrike\"}','romance','11+',2),
(9,'Hankenstein',108,'Engelska','Svenska','https://www.youtube.com/embed/C0DPdy98e4c?si=zABTUmNs3_iZALJ5','test','https://images.unsplash.com/photo-1526547462705-121430d02c2c',NULL,'horror','15+',2),
(10,'Krankenstein',123,'Engelska','Svenska','https://www.youtube.com/embed/C0DPdy98e4c?si=zABTUmNs3_iZALJ5','test','https://images.unsplash.com/photo-1724378435887-70b90bce60c0',NULL,'horror','15+',2),
(11,'Bankenstein',93,'Engelska','Svenska','https://www.youtube.com/embed/C0DPdy98e4c?si=zABTUmNs3_iZALJ5','test','https://images.unsplash.com/photo-1558877025-102791db823f',NULL,'horror','15+',2),
(12,'Rankenstein',111,'Engelska','Svenska','https://www.youtube.com/embed/C0DPdy98e4c?si=zABTUmNs3_iZALJ5','test','https://images.unsplash.com/photo-1553465528-5a213ccc0c7b',NULL,'horror','15+',2),
(13,'Framilton',122,'Svenska','Engelska','https://www.youtube.com/embed/C0DPdy98e4c?si=zABTUmNs3_iZALJ5','test','https://images.unsplash.com/photo-1677212004257-103cfa6b59d0',NULL,'action','bfj',2),
(14,'Kamilton',86,'Svenska','Engelska','https://www.youtube.com/embed/C0DPdy98e4c?si=zABTUmNs3_iZALJ5','test','https://images.unsplash.com/photo-1483879504681-c0196ecceda5',NULL,'action','bfj',2),
(15,'Zamilton',110,'Svenska','Engelska','https://www.youtube.com/embed/C0DPdy98e4c?si=zABTUmNs3_iZALJ5','test','https://images.unsplash.com/photo-1581090464777-f3220bbe1b8b',NULL,'action','bfj',2);

INSERT IGNORE INTO salon (salonid, room_number, description, row_capacity, amenities, priceid) VALUES
(1,1,'Lillsalong','6,8,9,10,10,12',null,null),
(2,2,'Storsalong','8,9,10,10,10,10,12,12',null,null);

INSERT IGNORE INTO screening (screeningid, start, filmid, salonid) VALUES
(1,'2026-03-08 12:30:00',1,1),
(2,'2026-03-08 12:30:00',2,2),
(3,'2026-03-08 14:30:00',3,1),
(4,'2026-03-08 14:30:00',4,2),
(5,'2026-03-08 17:30:00',5,1),
(6,'2026-03-08 17:30:00',6,2),
(7,'2026-03-08 20:00:00',7,2),
(8,'2026-03-08 20:00:00',8,1),
(9,'2026-03-09 12:30:00',7,2),
(10,'2026-03-09 12:30:00',4,2),
(11,'2026-03-09 14:30:00',7,2),
(12,'2026-03-09 14:30:00',12,1),
(13,'2026-03-09 17:30:00',11,2),
(14,'2026-03-09 17:30:00',7,1),
(15,'2026-03-09 20:00:00',10,1),
(16,'2026-03-09 20:00:00',7,1),
(17,'2026-03-10 12:30:00',10,2),
(18,'2026-03-10 12:30:00',10,2),
(19,'2026-03-10 14:30:00',12,1),
(20,'2026-03-10 14:30:00',3,1),
(21,'2026-03-10 17:30:00',5,1),
(22,'2026-03-10 17:30:00',8,1),
(23,'2026-03-10 20:00:00',11,2),
(24,'2026-03-10 20:00:00',1,1),
(25,'2026-03-11 12:30:00',7,2),
(26,'2026-03-11 12:30:00',1,1),
(27,'2026-03-11 14:30:00',9,1),
(28,'2026-03-11 14:30:00',12,2),
(29,'2026-03-11 17:30:00',10,2),
(30,'2026-03-11 17:30:00',7,1),
(31,'2026-03-11 20:00:00',11,2),
(32,'2026-03-11 20:00:00',4,1),
(33,'2026-03-12 12:30:00',1,1),
(34,'2026-03-12 12:30:00',15,1),
(35,'2026-03-12 14:30:00',1,2),
(36,'2026-03-12 14:30:00',6,2),
(37,'2026-03-12 17:30:00',6,2),
(38,'2026-03-12 17:30:00',2,2),
(39,'2026-03-12 20:00:00',14,2),
(40,'2026-03-12 20:00:00',15,1),
(41,'2026-03-13 12:30:00',12,1),
(42,'2026-03-13 12:30:00',1,1),
(43,'2026-03-13 14:30:00',15,1),
(44,'2026-03-13 14:30:00',10,1),
(45,'2026-03-13 17:30:00',8,2),
(46,'2026-03-13 17:30:00',4,1),
(47,'2026-03-13 20:00:00',9,2),
(48,'2026-03-13 20:00:00',12,2),
(49,'2026-03-14 12:30:00',10,1),
(50,'2026-03-14 12:30:00',3,1),
(51,'2026-03-14 14:30:00',8,1),
(52,'2026-03-14 14:30:00',11,2),
(53,'2026-03-14 17:30:00',2,1),
(54,'2026-03-14 17:30:00',4,2),
(55,'2026-03-14 20:00:00',13,2),
(56,'2026-03-14 20:00:00',1,2),
(57,'2026-03-15 12:30:00',2,1),
(58,'2026-03-15 12:30:00',12,1),
(59,'2026-03-15 14:30:00',1,2),
(60,'2026-03-15 14:30:00',4,2),
(61,'2026-03-15 17:30:00',1,1),
(62,'2026-03-15 17:30:00',9,2),
(63,'2026-03-15 20:00:00',15,2),
(64,'2026-03-15 20:00:00',5,2),
(65,'2026-03-16 12:30:00',2,2),
(66,'2026-03-16 12:30:00',8,1),
(67,'2026-03-16 14:30:00',8,1),
(68,'2026-03-16 14:30:00',2,1),
(69,'2026-03-16 17:30:00',4,2),
(70,'2026-03-16 17:30:00',12,1),
(71,'2026-03-16 20:01:55',10,1),
(72,'2026-03-16 20:08:31',5,2),
(73,'2026-03-17 12:08:43',12,1),
(74,'2026-03-17 12:11:44',14,2),
(75,'2026-03-17 14:32:50',14,2),
(76,'2026-03-17 14:30:18',10,2),
(77,'2026-03-17 17:30:37',12,1),
(78,'2026-03-17 17:30:56',1,2),
(79,'2026-03-17 20:06:33',11,2),
(80,'2026-03-17 20:09:37',15,1),
(81,'2026-03-18 12:30:16',4,1),
(82,'2026-03-18 12:30:20',3,2),
(83,'2026-03-18 14:30:49',8,2),
(84,'2026-03-18 14:30:21',12,2),
(85,'2026-03-18 17:30:55',4,1),
(86,'2026-03-18 17:30:42',5,2),
(87,'2026-03-18 20:00:23',6,2),
(88,'2026-03-18 20:00:03',3,2),
(89,'2026-03-19 12:30:57',1,1),
(90,'2026-03-19 12:30:34',7,1),
(91,'2026-03-19 14:30:20',3,1),
(92,'2026-03-19 14:30:04',10,2),
(93,'2026-03-19 17:30:38',2,1),
(94,'2026-03-19 17:30:35',10,2),
(95,'2026-03-19 20:03:02',4,2),
(96,'2026-03-19 20:04:39',15,1),
(97,'2026-03-20 12:30:30',3,1),
(98,'2026-03-20 12:30:00',2,2),
(99,'2026-03-20 14:30:21',9,1),
(100,'2026-03-20 14:30:03',2,2),
(101,'2026-03-20 17:30:38',2,1),
(102,'2026-03-20 17:30:35',10,2),
(103,'2026-03-20 20:03:02',4,2),
(104,'2026-03-20 20:04:39',15,1);

INSERT IGNORE INTO booking (bookingid, total_cost, date, guid, status, userid, screeningid) VALUES
(1,120,'2026-03-14 13:53:12','9558e514-f7ff-49ff-a0df-08d8d348840d','booked',1,89),
(2,280,'2026-02-01 20:56:19','a9c51215-81e6-4ff5-8216-e1196788b3de','booked',4,89),
(3,320,'2026-03-12 08:05:01','a2bc9e37-e37d-4241-90c2-79b37c30e101','booked',1,74),
(4,200,'2026-03-10 23:50:55','17fabcab-60b1-4251-9b57-dfa37cb5c5ef','booked',1,66),
(5,120,'2026-02-26 19:20:21','d3062374-d6c6-4af0-a2b6-0f180cafbbef','booked',3,93),
(6,280,'2026-02-27 01:17:57','a49c82c5-8002-4b0b-8658-1e1e26444f8d','reserved',5,98),
(7,280,'2026-02-28 10:45:07','0ce65342-900e-49ff-a9a1-22d29209d5f0','booked',null,79),
(8,280,'2026-03-01 19:50:56','de3fda38-b8a3-4bfe-927e-5cc2fbaf2766','booked',1,90),
(9,280,'2026-02-06 05:43:31','5aded42e-c541-4bad-ad0e-b1bd4d88dc01','booked',6,86),
(10,240,'2026-02-28 02:57:24','246acf59-c4cf-48a8-9592-202feb47469b','booked',1,22),
(11,320,'2026-03-22 09:10:12','1d23d4c5-3ba0-4ffa-8c32-a7ac3648e428','booked',null,93),
(12,280,'2026-03-15 10:15:30','1a6567dd-aeee-43bb-ad9a-0ca799d91fdc','booked',null,36),
(13,400,'2026-02-16 15:15:19','886d564e-e24f-452e-ae7b-66a89cb6e883','booked',6,95),
(14,280,'2026-03-07 14:42:53','9f0c68cd-01e3-46d9-a6aa-865d5f59dca3','canceled',2,41),
(15,280,'2026-03-18 02:53:46','4871fddb-b376-4b9f-8bac-fd1e49b9df49','booked',null,15),
(16,280,'2026-03-14 23:36:17','f0240c6e-fcfb-43e3-91a1-a13ae12e5035','booked',1,92),
(17,280,'2026-02-07 10:02:31','0f3442c0-a426-4a21-896f-b28a5860843c','booked',null,20),
(18,240,'2026-02-16 01:36:22','5589a13a-bef9-4ef7-9e7c-4e31fac5a6fa','booked',null,74),
(19,380,'2026-03-17 22:18:02','46bc9e85-620f-4cb4-a20f-0d6607b64746','booked',5,82),
(20,280,'2026-02-14 11:25:40','2cc6537e-eb6c-45a6-8812-88ac570654ca','booked',5,85),
(21,300,'2026-02-12 21:42:19','a5530bc7-e9b0-473a-b40b-a11f1f656214','reserved',null,44),
(22,280,'2026-03-24 15:31:14','3b34eac6-d9ad-4ca5-9efd-ae7061a7f849','reserved',null,74),
(23,280,'2026-02-02 13:02:20','ee7040a6-3f49-4dbb-87db-13e0f36f6cec','booked',6,62),
(24,280,'2026-03-05 02:16:16','30f49fb8-e98b-4180-9ff9-75d9f3bb1adb','booked',null,64),
(25,280,'2026-02-24 08:27:40','0455d732-7741-40e5-86b7-3d292d22bf23','booked',null,46),
(26,280,'2026-03-01 10:04:18','97746191-1266-40ac-946b-b41576a5c854','reserved',null,14),
(27,280,'2026-02-06 22:20:08','242ebc66-3187-4999-bd57-25a0608647cc','booked',1,13),
(28,400,'2026-03-25 03:34:00','db1aebd2-ce4f-42be-830a-5ef06cf4365b','booked',2,55),
(29,280,'2026-03-14 04:41:41','3c55511f-1767-43f0-8ffe-ca58a4b2eb16','booked',4,68),
(30,280,'2026-02-26 05:59:06','3c125cbc-2e9b-4466-abc1-d643b5676dc4','reserved',2,78),
(31,360,'2026-03-18 11:46:29','6155d455-685e-49f7-ad84-2827d9fef34a','canceled',2,34),
(32,280,'2026-02-07 10:01:00','0c12e5ca-bf91-4d53-839c-26b15cb094bb','reserved',2,81),
(33,280,'2026-02-27 20:31:53','0dc6c3ef-d964-4d11-b701-987a8ef40175','booked',1,76),
(34,280,'2026-03-01 02:48:59','c408d71a-8be8-4937-8b70-8a8764e91188','booked',null,82),
(35,200,'2026-03-26 12:02:10','98295b76-3138-45cd-b892-adc768f52051','booked',2,33),
(36,280,'2026-02-04 15:47:46','450747f3-9400-4b41-b118-d2587b33a171','booked',1,74),
(37,280,'2026-03-23 04:06:17','b90bb8a9-cda0-48bd-a302-3c266235b6da','booked',5,13),
(38,360,'2026-03-06 03:00:14','f7771fc7-deb9-4c30-bfe7-e8691ee0ad3e','booked',3,59),
(39,280,'2026-02-04 13:06:07','3161ec69-9fac-4a4a-937f-9ee58e71e779','booked',null,38),
(40,280,'2026-03-30 17:45:51','71df8240-3bdb-48a3-9ef0-6de84dae763d','booked',null,20),
(41,280,'2026-02-15 19:52:32','55143261-a5f4-45c9-9a3e-2119ce7d3b71','reserved',1,47),
(42,240,'2026-03-09 22:47:44','5b216a29-ed3e-43c7-8280-eb0a3e356bf7','reserved',null,92),
(43,280,'2026-02-26 22:52:34','761e8ef8-d38e-43eb-a340-8f6a018a4032','booked',null,82),
(44,380,'2026-02-05 19:47:10','fc4751ca-ab45-4046-a914-1fb8c9f23f8c','booked',1,46),
(45,200,'2026-02-12 14:34:15','ac16a3bd-f8fb-4076-9576-8a78a5527f1f','booked',6,79),
(46,120,'2026-03-18 05:24:02','597f08ba-2d50-4813-8fee-f66eb9c79505','booked',5,19),
(47,120,'2026-03-05 02:04:59','5068dcb7-e160-491a-8b5c-a88b97fd1543','booked',null,99),
(48,320,'2026-02-28 10:37:17','12e5f9df-b013-4f2d-9e8a-721b62f378be','booked',5,47),
(49,140,'2026-02-07 23:36:09','48e95e04-ac70-4878-91cd-cb22af6439cb','booked',null,100),
(50,280,'2026-03-22 06:18:30','2ac33408-f3d6-4ee8-919f-0fdf2a95a928','booked',1,76),
(51,360,'2026-02-03 21:54:20','79cedd51-51ce-43b8-8353-6cb226d58dea','booked',3,80),
(52,280,'2026-02-08 05:57:57','fb850450-49a2-4b3d-b3f4-be02af700200','booked',null,39),
(53,280,'2026-02-08 17:08:51','5b52a18c-e8bf-43a3-a219-fe8ec974866e','booked',null,97),
(54,240,'2026-02-01 16:25:58','7efecf90-839e-4439-bb4b-59e1f9216af6','booked',null,7),
(55,200,'2026-03-03 13:49:35','9419b714-a238-474e-af75-5c665645b555','booked',null,91),
(56,280,'2026-03-12 15:21:57','fbd8b18d-3698-4b2a-9603-ec5ab5a51753','booked',null,75),
(57,140,'2026-03-27 21:49:35','d3b272c6-1248-4e43-9f38-38d674d1e1d2','canceled',3,52),
(58,280,'2026-03-18 20:30:22','10e02c31-4e0f-42a8-a66c-674c632f768a','booked',3,100),
(59,280,'2026-03-18 16:02:07','e7599fa4-3f37-4470-b4a9-e4ec55179a66','canceled',5,56),
(60,140,'2026-03-29 16:45:03','54fb1c5d-0feb-4a5e-8030-a6fa32df75bf','booked',3,73),
(61,280,'2026-02-27 03:59:25','a06ab6d4-2374-4467-8e08-e4cd14a236ee','booked',1,41),
(62,280,'2026-03-14 15:37:57','5c2ca42f-9be5-4824-9820-9cd2cff893d1','booked',2,64),
(63,280,'2026-02-16 20:23:56','16f77d5f-6a55-49e5-9d13-dd83d3fd5baa','booked',null,77),
(64,320,'2026-02-28 23:40:02','966641d1-8d17-411b-ada7-2b4078daf9e2','booked',6,10),
(65,280,'2026-02-05 11:29:24','7016e4dc-ac38-4fa5-af91-6f428171a35f','canceled',1,33),
(66,200,'2026-02-23 20:31:34','692fe1d3-2f72-410c-bc59-2ff6d3c277ef','booked',4,3),
(67,280,'2026-02-12 09:59:56','3d5086fd-a2a6-4a40-a0b2-74523c984cbd','reserved',2,63),
(68,280,'2026-03-22 14:31:42','1f3207ab-1231-4941-a837-a9bad450e54f','booked',1,21),
(69,280,'2026-02-19 12:37:21','278a7743-2d05-4f66-a63a-2b521c0fbf0b','booked',2,41),
(70,400,'2026-03-28 19:02:53','ba936480-3b92-4f1e-8876-0eec0b5181c5','reserved',3,84),
(71,280,'2026-02-13 19:28:58','f352f4c8-eebd-43d3-805f-b0abd206ae10','booked',null,14),
(72,200,'2026-03-29 06:27:27','3229e5ba-8c5a-470b-9b0b-15a953410bf9','canceled',null,15),
(73,300,'2026-03-16 12:07:56','0e5b0e4b-8e81-48a6-a5a8-8f3eab1454bc','booked',6,23),
(74,280,'2026-02-13 13:42:32','4b54272e-7797-432b-aecb-cabc9bed8b52','booked',2,21),
(75,280,'2026-03-19 23:19:25','68d5a128-092d-4fda-92b0-ba51f3b40a7b','booked',null,88),
(76,280,'2026-03-23 22:53:22','977d3038-afe0-4122-a226-1a8b6c280697','booked',null,91),
(77,280,'2026-03-23 01:04:45','017770ec-a3a2-4af4-84ce-d26d00d5ff80','booked',null,97),
(78,280,'2026-03-29 22:50:18','2318e1df-efa9-40a7-ad90-a43ab16d063f','reserved',null,7),
(79,280,'2026-03-14 08:48:23','86b78200-ed6f-4e76-a680-c349526b98f6','booked',1,35),
(80,320,'2026-03-09 08:03:18','6acbfdbc-5b74-479c-8114-32e339231506','booked',4,58),
(81,200,'2026-02-16 21:43:00','55ec1fe6-1b03-4a34-a80e-427236727bf1','reserved',4,51),
(82,280,'2026-02-25 06:39:05','7d155831-1f8b-4227-b5d6-8688ecd88c21','booked',2,12),
(83,380,'2026-03-02 18:20:34','d89e6acc-b5e0-4024-8551-ac902722c9f9','booked',2,29),
(84,280,'2026-02-19 04:54:02','166ca0f7-28b9-4cbd-9e07-e2abfa065d0e','booked',null,75),
(85,280,'2026-02-12 03:05:19','44a52d11-1962-4189-a7fc-654934f1feab','booked',1,74),
(86,280,'2026-03-23 22:59:54','c3460989-129c-45cb-94ba-86c81efc0495','reserved',3,73),
(87,280,'2026-02-17 21:29:37','d6e537e0-7502-4d4f-887e-bb8268f02dcb','booked',1,86),
(88,280,'2026-03-02 11:51:21','dac8f1ee-5ed5-4635-a7ab-7f2e43b419ec','booked',null,82),
(89,280,'2026-03-02 03:34:30','2fb0346b-dcca-4a14-aafe-1046057f32a9','booked',null,97),
(90,280,'2026-03-25 16:11:14','55ed886e-9689-4d95-852f-6ba6b6ac4447','booked',null,74),
(91,120,'2026-03-19 02:47:05','f225b1f6-5174-44e9-a335-40658c6b6d66','booked',null,51),
(92,280,'2026-02-11 01:14:57','764a2e3c-2b40-4ceb-84d6-17ad5ebf97bd','canceled',3,19),
(93,280,'2026-03-02 05:13:26','18961d3d-5a8f-4901-93d8-05a7537c8ba7','booked',null,97),
(94,280,'2026-02-06 10:02:29','97b7f97f-7991-428d-b94b-67e2f12dfc54','booked',5,49),
(95,240,'2026-03-16 20:50:33','5dfaa65c-e292-4fe3-aa41-d3be15d58e8f','booked',1,91),
(96,400,'2026-03-07 23:15:13','4d06d947-9f97-4055-9bb4-e0410b36995e','booked',5,14),
(97,280,'2026-03-18 08:30:26','84e68eba-5f52-45e2-abc1-4529cc1b5474','booked',null,29),
(98,280,'2026-03-20 11:35:56','c644c9df-c676-4ad5-975f-94adfd546a36','booked',3,30),
(99,280,'2026-03-14 01:06:17','327f1bbe-62a5-4fb9-a4b1-59a1e2d8ffb3','booked',3,32),
(100,280,'2026-03-20 06:29:06','96d3ad2a-d4be-40f4-b12c-733f4caf9054','booked',4,62);

INSERT IGNORE INTO reservation (reservationid, seat_number, `row_number`, bookingid) VALUES
(1,1,1,1),
(2,9,2,2),
(3,17,2,3),
(4,25,4,4),
(5,33,4,5),
(6,41,5,6),
(7,49,6,7),
(8,19,3,8),
(9,1,1,9),
(10,13,2,10),
(11,25,4,11),
(12,37,4,12),
(13,1,1,13),(14,2,1,13),
(15,13,2,14),(16,14,2,14),
(17,3,1,15),(18,4,1,15),
(19,5,1,16),(20,6,1,16),
(21,7,1,17),
(22,8,1,18),(23,9,2,18),
(24,10,2,19),(25,11,2,19),(26,12,2,19),
(27,15,3,20),(28,16,3,20),
(29,17,3,21),(30,18,3,21),
(31,19,3,22),(32,20,3,22),
(33,21,3,23),(34,22,3,23),
(35,23,3,24),(36,24,3,24),
(37,1,1,25),(38,2,1,25),
(39,3,1,26),(40,4,1,26),
(41,5,1,27),(42,6,1,27),
(43,6,1,28),(44,8,1,28),(45,8,1,28),
(46,10,2,29),(47,11,2,29),
(48,12,2,30),(49,13,2,30),
(50,14,2,31),(51,15,3,31),(52,16,3,31),
(53,17,3,32),(54,18,3,32),
(55,19,3,33),(56,20,3,33),
(57,21,3,34),(58,22,3,34),
(59,23,3,35),
(60,24,3,36),(61,25,3,36),
(62,26,3,37),(63,27,3,37),
(64,28,4,38),(65,29,4,38),(66,30,4,38),
(67,31,4,39),(68,32,4,39),
(69,32,4,40),(70,33,4,40),
(71,35,4,41),(72,36,4,41),
(73,37,4,42),(74,38,4,42),
(75,39,5,43),(76,40,4,43),
(77,41,5,44),(78,42,5,44),(79,43,5,44),
(80,44,5,45),
(81,45,6,46),
(82,46,6,47),
(83,47,5,48),(84,48,5,48),
(85,49,6,49),
(86,50,6,50),(87,51,6,50),
(88,52,6,51),(89,53,6,51),(90,54,6,51),
(91,55,6,52),(92,56,6,52),
(93,18,3,53),(94,19,3,53),
(95,59,7,54),(96,60,7,54),
(97,50,6,55),
(98,62,7,56),(99,63,7,56),
(100,64,7,57),
(101,1,1,58),(102,2,1,58),
(103,3,1,59),
(104,4,1,60),
(105,5,1,61),(106,6,1,61),
(107,7,1,62),(108,8,1,62),
(109,9,2,63),(110,10,2,63),
(111,11,2,64),(112,12,2,64),(113,13,2,64),
(114,14,2,65),
(115,15,3,66),
(116,16,2,67),(117,17,2,67),
(118,18,3,68),(119,19,3,68),
(120,20,3,69),(121,21,3,69),
(122,22,3,70),(123,23,3,70),(124,24,3,70),
(125,25,4,71),(126,26,4,71),
(127,27,4,72),
(128,28,4,73),(129,29,4,73),
(130,30,4,74),(131,31,4,74),
(132,32,4,75),(133,33,4,75),
(134,34,5,76),(135,35,5,76),
(136,36,5,77),(137,37,5,77),
(138,38,5,78),
(139,39,5,79),(140,40,5,79),
(141,41,5,80),(142,42,5,80),
(143,43,5,81),
(144,44,6,82),(145,45,6,82),
(146,46,5,83),(147,47,5,83),(148,48,5,83),
(149,49,6,84),(150,50,6,84),
(151,51,6,85),(152,52,6,85),
(153,53,6,86),(154,54,6,86),
(155,55,6,87),(156,56,6,87),
(157,57,6,88),(158,58,7,88),
(159,28,4,89),(160,27,4,89),
(161,61,7,90),(162,62,7,90),
(163,42,5,91),
(164,50,6,92),
(165,18,3,93),(166,17,3,93),
(167,16,3,94),(168,17,3,94),
(169,49,6,95),(170,48,6,95),
(171,50,6,96),(172,51,6,96),(173,52,6,96),
(174,74,8,97),(175,75,8,97),
(176,76,3,98),(177,77,3,98),
(178,78,6,99),(179,79,6,99),
(180,80,8,100),(181,81,8,100);

Set FOREIGN_KEY_CHECKS = 1;