Set FOREIGN_KEY_CHECKS = 0;

INSERT IGNORE INTO user (userid, firstname, lastname, email, password, phone, phone_consent, data_consent, request_delete, request_pass, role) VALUES
(1,'Mary','Poppins','aspoonfull@sugar.com','m3dicin3','+4670433223344','2026-01-12 09:14:00','2026-01-12 09:15:10',NULL,NULL,'member'),
(2,'Natasha','Romanoff','nromanoff@shield.gov','blackwid0w','+467045558899','2026-04-02 11:20:00','2026-04-02 11:20:00','2026-01-08 16:42:00',NULL,'member'),
(3,'Alicia','Vikander','avikander@film.se','exmachina','+46703334455','2026-01-28 14:03:00','2026-01-28 14:03:00',NULL,NULL,'member'),
(4,'Noomi','Rapace','nrapace@millennium.se','lisbeth','46701112233','2026-02-05 11:30:00','2026-02-05 11:30:00',NULL,NULL,'staff'),
(5,'Stellan','Skarsgard','sskarsgard@cinema.se','chern0byl','+46702223344','2026-02-18 08:55:00','2026-02-18 08:55:00',NULL,NULL,'staff'),
(6,'Max','vonSydow','mvonsydow@bergman.se','seventhseal','+46704445566','2026-03-01 10:00:00','2026-03-01 10:00:00',NULL,NULL,'staff');

INSERT IGNORE INTO price (priceid, price, type) VALUES
(1, 80.00, 'child'),
(2, 140.00, 'adult'),
(3, 120.00, 'senior');

INSERT IGNORE INTO film (filmid, title, duration, language, subtitle_language, trailer, description, cover_image, details, genre, viewer_rating, priceid) VALUES
(1,'Northern Strike',124,'Svenska','Svenska','https://www.youtube.com/embed/NrfsSWoVK-Q?si=AD_cjvgWyxp70FIV','En elitstyrka kämpar mot klockan för att stoppa en samordnad attack i Skandinavien.','.png','{"actor":"Some dude", "director": "Some One", "release_year":"2025","production_company":"Awesome prod", "production_counrty":"Sweden"}','action','bfj','2'),
(2,'Skuggor i Silver',92,'Svenska','Engelska','https://www.youtube.com/embed/zFrPhkzbKjs?si=JcvxMeRrxfn-HeoT','Ett hemsökande mysterium tar form i starka kontraster och tysta gator.','shadows_silver_cover.jpg','{"actor":"Some dude", "director": "Some One", "release_year":"2025","production_company":"Awesome prod", "production_counrty":"Sweden"}','blackandwhite', '11+', '2'),
(3,'Den Sjunde Överfarten',96,'Svenska','Engelska','https://www.youtube.com/embed/QKFVSW6H8N8?si=wq9HpvtGW5me30iu','En riddare konfronterar tro, död och öde under en förödande pest.','seventh_crossing_cover.jpg','{"actor":"Some dude", "director": "Some One", "release_year":"2025","production_company":"Awesome prod", "production_counrty":"Sweden"}','classic','bfj','2'),
(4,'Laughing Stock',101,'Engelska','Svenska','https://www.youtube.com/embed/GUWxoP1pmis?si=z97Rf2lWz3PopaR-','En kämpande komiker råkar snubbla in i berömmelse genom en rad katastrofer.','laughing_stock_cover.jpg','{"actor":"Some dude", "director": "Some One", "release_year":"2025","production_company":"Awesome prod", "production_counrty":"Sweden"}','comedy', '7+', '2'),
(5,'Skogens Vänner',88,'Svenska','Engelska','https://www.youtube.com/embed/TnpTcrtsN3U?si=TU8izIoabXJr1I5Z','Syskon samarbetar med skogens djur för att rädda sitt hem.','forest_friends_cover.jpg','{"actor":"Some dude", "director": "Some One", "release_year":"2025","production_company":"Awesome prod", "production_counrty":"Sweden"}','family','btl','2'),
(6,'Jul i Snöstorm',104,'Engelska','Svenska','https://www.youtube.com/embed/CqzftyH1YHE?si=EXRHCxl4TYpiS1pp','Fastfrusna resenärer finner kärlek och gemenskap på julafton.','snowbound_christmas_cover.jpg','{"actor":"Some dude", "director": "Some One", "release_year":"2025","production_company":"Awesome prod", "production_counrty":"Sweden"}','holiday','7+','2'),
(7,'De Ihåliga Tallarna',113,'Engelska','Engelska','https://www.youtube.com/embed/HO359PaFWbE?si=00u6KozUXiZc_5-l','Något uråldrigt vaknar när en grupp vänner går in i förbjuden skog.','hollow_pines_cover.jpg','{"actor":"Some dude", "director": "Some One", "release_year":"2025","production_company":"Awesome prod", "production_counrty":"Sweden"}','horror','15+','2'),
(8,'Midnattsbrev',109,'Franska','Engelska','https://www.youtube.com/embed/HCoTiU0S85Y?si=m6of7sG02tc0nbm-','Två främlingar skapar ett band genom anonyma brev i ett kafé.','midnight_letters_cover.jpg','{"actor":"Some dude", "director": "Some One", "release_year":"2025","production_company":"Awesome prod", "production_counrty":"Sweden"}','romance','11+','2'),
(9, 'John Wick', 101, 'Engelska', 'Svenska', 'https://www.youtube.com/embed/C0BMx-qxsP4?si=FNuMDrqfPc88b003', 'En före detta lönnmördare kommer ur pension för att jaga männen som stal hans bil och dödade hans hund.', 'john_wick.jpg', '{"actor": "Keanu Reeves, Michael Nyqvist", "director": "Chad Stahelski", "release_year": "2014", "production_company": "Summit Entertainment", "production_counrty": "USA"}', 'action', '15+', 2),
(10, 'Mad Max: Fury Road', 120, 'Engelska', 'Svenska', 'https://www.youtube.com/embed/hEJnMQG9ev8?si=nEaSorRMU8rd3ugK', 'I en postapokalyptisk värld revolterar en kvinna mot en tyrannisk härskare.', 'mad_max.jpg', '{"actor": "Tom Hardy, Charlize Theron", "director": "George Miller", "release_year": "2015", "production_company": "Warner Bros.", "production_counrty": "Australia"}', 'action', '15+', 2),
(11, 'The Dark Knight', 152, 'Engelska', 'Svenska', 'https://www.youtube.com/embed/TQfATDZY5Y4?si=_2yCmCrhdZQuZGIf', 'Batman kämpar mot kaos när Jokern sprider skräck i Gotham City.', 'dark_knight.jpg', '{"actor": "Christian Bale, Heath Ledger", "director": "Christopher Nolan", "release_year": "2008", "production_company": "Legendary Pictures", "production_counrty": "USA"}', 'action', '11+', 2),
(12, 'Die Hard', 132, 'Engelska', 'Svenska', 'https://www.youtube.com/embed/gYWvwkXreaI?si=fOcDA-8IGZd2Bxm7', 'En polis i New York försöker rädda sin fru och andra som tagits som gisslan under en julfest.', 'die_hard.jpg', '{"actor": "Bruce Willis, Alan Rickman", "director": "John McTiernan", "release_year": "1988", "production_company": "20th Century Fox", "production_counrty": "USA"}', 'action', '15+', 2),
(13, 'Schindlers List', 195, 'Engelska', 'Svenska', 'https://www.youtube.com/embed/mxphAlJID9U?si=q_t5AiNnUhfMR8YF', 'Berättelsen om hur industrimannen Oskar Schindler räddade över tusen judar under förintelsen.', 'schindlers_list.jpg', '{"actor": "Liam Neeson, Ben Kingsley", "director": "Steven Spielberg", "release_year": "1993", "production_company": "Universal Pictures", "production_counrty": "USA"}', 'blackandwhite', '15+', 2),
(14, 'Psycho', 109, 'Engelska', 'Svenska', 'https://www.youtube.com/embed/Wz719b9QUqY?si=osIvhr8_hT3wfVby', 'En sekreterare på flykt checkar in på ett avlägset motell som drivs av en märklig man.', 'psycho.jpg', '{"actor": "Anthony Perkins, Janet Leigh", "director": "Alfred Hitchcock", "release_year": "1960", "production_company": "Paramount Pictures", "production_counrty": "USA"}', 'blackandwhite', '15+', 2),
(15, 'Casablanca', 102, 'Engelska', 'Svenska', 'https://www.youtube.com/embed/MF7JH_54d8c?si=p-gGCanYsw72Np7d', 'I Marocko under andra världskriget måste en cynisk caféägare välja mellan kärlek och dygd.', 'casablanca.jpg', '{"actor": "Humphrey Bogart, Ingrid Bergman", "director": "Michael Curtiz", "release_year": "1942", "production_company": "Warner Bros.", "production_counrty": "USA"}', 'blackandwhite', 'btl', 2),
(16, 'Raging Bull', 129, 'Engelska', 'Svenska', 'https://www.youtube.com/embed/F2UKuKxCJqc?si=NcPsw2xuXeXEB4bN', 'Historien om boxaren Jake LaMotta vars våldsamma temperament ledde honom till framgång men förstörde hans privatliv.', 'raging_bull.jpg', '{"actor": "Robert De Niro, Joe Pesci", "director": "Martin Scorsese", "release_year": "1980", "production_company": "Chartoff-Winkler", "production_counrty": "USA"}', 'blackandwhite', '15+', 2),
(17, 'The Godfather', 175, 'Engelska', 'Svenska', 'https://www.youtube.com/embed/UaVTIH8mujA?si=Uq8hHV7aFMyjP6RH', 'Den åldrande patriarken i en organiserad brottsdynasti överför kontrollen till sin motvilliga son.', 'godfather.jpg', '{"actor": "Marlon Brando, Al Pacino", "director": "Francis Ford Coppola", "release_year": "1972", "production_company": "Paramount Pictures", "production_counrty": "USA"}', 'classic', '15+', 2),
(18, 'Pulp Fiction', 154, 'Engelska', 'Svenska', 'https://www.youtube.com/embed/s7EdQ4FqbhY?si=6vUCtk7y-6zYBkwG', 'Livet för två lönnmördare, en boxare och ett par rånare flätas samman i Los Angeles.', 'pulp_fiction.jpg', '{"actor": "John Travolta, Uma Thurman", "director": "Quentin Tarantino", "release_year": "1994", "production_company": "Miramax", "production_counrty": "USA"}', 'classic', '15+', 2),
(19, 'Forrest Gump', 142, 'Engelska', 'Svenska', 'https://www.youtube.com/embed/bLvqoHBptjg?si=RLlGeSrs9TMAldvo', 'En man med lågt IQ bevittnar och påverkar oavsiktligt flera historiska händelser i USA.', 'forrest_gump.jpg', '{"actor": "Tom Hanks, Robin Wright", "director": "Robert Zemeckis", "release_year": "1994", "production_company": "Paramount Pictures", "production_counrty": "USA"}', 'classic', '7+', 2),
(20, 'Cinema Paradiso', 155, 'Italienska', 'Svenska', 'https://www.youtube.com/embed/JMyVSD6OvO8?si=uNhR4K4CCnTk3bY2', 'En hyllning till filmen genom vänskapen mellan en pojke och en gammal maskinist.', 'cinema_paradiso.jpg', '{"actor": "Philippe Noiret, Salvatore Cascio", "director": "Giuseppe Tornatore", "release_year": "1988", "production_company": "Les Films Ariane", "production_counrty": "Italy"}', 'classic', 'btl', 2),
(21, 'The Big Lebowski', 117, 'Engelska', 'Svenska', 'https://www.youtube.com/embed/cd-go0oBF4Y?si=x9H840xKN9i8bdLH', 'En arbetslös slackare i LA blir förväxlad med en miljonär med samma namn.', 'big_lebowski.jpg', '{"actor": "Jeff Bridges, John Goodman", "director": "Joel Coen", "release_year": "1998", "production_company": "Working Title Films", "production_counrty": "USA"}', 'comedy', '15+', 2),
(22, 'Superbad', 113, 'Engelska', 'Svenska', 'https://www.youtube.com/embed/4eaZ_48ZYog?si=ViTGov0SxsGqmg1g', 'Två tonårskillar planerar en episk festkväll för att imponera på tjejer innan de tar studenten.', 'superbad.jpg', '{"actor": "Jonah Hill, Michael Cera", "director": "Greg Mottola", "release_year": "2007", "production_company": "Columbia Pictures", "production_counrty": "USA"}', 'comedy', '15+', 2),
(23, 'The Hangover', 100, 'Engelska', 'Svenska', 'https://www.youtube.com/embed/tlize92ffnY?si=vlKHGi5vdzYqhn7U', 'Tre vänner vaknar upp i Las Vegas efter en svensexa utan minne av vad som hänt och med brudgummen försvunnen.', 'hangover.jpg', '{"actor": "Bradley Cooper, Zach Galifianakis", "director": "Todd Phillips", "release_year": "2009", "production_company": "Legendary Pictures", "production_counrty": "USA"}', 'comedy', '11+', 2),
(24, 'Monty Python and the Holy Grail', 91, 'Engelska', 'Svenska', 'https://www.youtube.com/embed/urRkGvhXc8w?si=inj_gVu40Td5yZBQ', 'Kung Arthur och hans riddare ger sig ut på ett minst sagt absurt sökande efter den heliga graalen.', 'holy_grail.jpg', '{"actor": "John Cleese, Eric Idle", "director": "Terry Gilliam", "release_year": "1975", "production_company": "Python Pictures", "production_counrty": "UK"}', 'comedy', '7+', 2),
(25, 'Lejonkungen', 88, 'Svenska', 'Svenska', 'https://www.youtube.com/embed/GiXoeAs7S54?si=-DX70YFIr8MFzCHG', 'Lejonungen Simba flyr sitt kungarike efter faderns död, bara för att lära sig meningen med ansvar.', 'lion_king.jpg', '{"actor": "Matthew Broderick, Jeremy Irons", "director": "Roger Allers", "release_year": "1994", "production_company": "Walt Disney Pictures", "production_counrty": "USA"}', 'family', 'btl', 2),
(26, 'Toy Story', 81, 'Svenska', 'Svenska', 'https://www.youtube.com/embed/C7sAUDBxDi8?si=sumsLOlRNrl3-j4V', 'En cowboy-docka känner sig hotad när en ny rymd-actionfigur blir barnkammarens nya favorit.', 'toy_story.jpg', '{"actor": "Tom Hanks, Tim Allen", "director": "John Lasseter", "release_year": "1995", "production_company": "Pixar", "production_counrty": "USA"}', 'family', 'btl', 2),
(27, 'Spirited Away', 125, 'Japanska', 'Svenska', 'https://www.youtube.com/embed/ByXuk9QqQkk?si=vSQNQ6tz0_uPv2Yg', 'En flicka hamnar i en magisk värld styrd av häxor och andar där människor förvandlas till djur.', 'spirited_away.jpg', '{"actor": "Rumi Hiiragi, Miyu Irino", "director": "Hayao Miyazaki", "release_year": "2001", "production_company": "Studio Ghibli", "production_counrty": "Japan"}', 'family', '7+', 2),
(28, 'Ensam Hemma', 103, 'Svenska', 'Svenska', 'https://www.youtube.com/embed/jEDaVHmw7r4?si=_I8H_sTZ7gmHTgzz', 'En åttaåring blir kvarlämnad hemma av misstag och måste försvara huset mot inbrottstjuvar.', 'home_alone.jpg', '{"actor": "Macaulay Culkin, Joe Pesci", "director": "Chris Columbus", "release_year": "1990", "production_company": "Hughes Entertainment", "production_counrty": "USA"}', 'family', 'btl', 2),
(29, 'Elf', 97, 'Engelska', 'Svenska', 'https://www.youtube.com/embed/EkwdYSn3Uws?si=QQV-KIOUbYC-RYba', 'En människa uppfostrad som tomtenisse i Nordpolen reser till New York för att hitta sin riktiga pappa.', 'elf.jpg', '{"actor": "Will Ferrell, James Caan", "director": "Jon Favreau", "release_year": "2003", "production_company": "New Line Cinema", "production_counrty": "USA"}', 'holiday', 'btl', 2),
(30, 'The Nightmare Before Christmas', 76, 'Engelska', 'Svenska', 'https://www.youtube.com/embed/wr6N_hZyBCk?si=h5IDHnbsEI5Nq3wu','Jack Skellington från Halloween Town kidnappar jultomten i ett försök att ta över julen.', 'nightmare_christmas.jpg', '{"actor": "Chris Sarandon, Catherine OHara", "director": "Henry Selick", "release_year": "1993", "production_company": "Touchstone Pictures", "production_counrty": "USA"}', 'holiday', '7+', 2),
(31, 'Love Actually', 135, 'Engelska', 'Svenska', 'https://www.youtube.com/embed/H9Z3_ifFheQ?si=cI1J19fSTesK_NmS', 'Åtta olika par hanterar sina kärleksliv under den hektiska månaden före jul i London.', 'love_actually.jpg', '{"actor": "Hugh Grant, Keira Knightley", "director": "Richard Curtis", "release_year": "2003", "production_company": "Working Title Films", "production_counrty": "UK"}', 'holiday', '11+', 2),
(32, 'The Polar Express', 100, 'Svenska', 'Svenska', 'https://www.youtube.com/embed/f0oyHtZiJJs?si=8Y0kw9HH72mQI-xy', 'En ung pojke kliver ombord på ett magiskt tåg mot Nordpolen för att återfinna sin tro på julen.', 'polar_express.jpg', '{"actor": "Tom Hanks", "director": "Robert Zemeckis", "release_year": "2004", "production_company": "Castle Rock", "production_counrty": "USA"}', 'holiday', 'btl', 2),
(33, 'The Shining', 146, 'Engelska', 'Svenska', 'https://www.youtube.com/embed/k6QgNuZcxTw?si=55a8IT760jY84MLZ', 'En familj vaktar ett isolerat hotell över vintern där en ond närvaro driver pappan till vansinne.', 'shining.jpg', '{"actor": "Jack Nicholson, Shelley Duvall", "director": "Stanley Kubrick", "release_year": "1980", "production_company": "Warner Bros.", "production_counrty": "USA"}', 'horror', '15+', 2),
(34, 'Hereditary', 127, 'Engelska', 'Svenska', 'https://www.youtube.com/embed/V6wWKNij_1M?si=kim_11moeg9RVAU8', 'Efter att familjens matriark dör börjar dottern och barnbarnen nysta i skrämmande hemligheter om sitt ursprung.', 'hereditary.jpg', '{"actor": "Toni Collette, Alex Wolff", "director": "Ari Aster", "release_year": "2018", "production_company": "A24", "production_counrty": "USA"}', 'horror', '15+', 2),
(35, 'The Conjuring', 112, 'Engelska', 'Svenska', 'https://www.youtube.com/embed/ejMMn0t58Lc?si=dCdHbfzL2l8wRS2-', 'Paranormala utredare hjälper en familj som terroriseras av en mörk närvaro i sitt nya hus.', 'conjuring.jpg', '{"actor": "Vera Farmiga, Patrick Wilson", "director": "James Wan", "release_year": "2013", "production_company": "New Line Cinema", "production_counrty": "USA"}', 'horror', '15+', 2),
(36, 'Alien', 117, 'Engelska', 'Svenska', 'https://www.youtube.com/embed/3NHd7oC1w58?si=0wb40WNXYOwBhAWd', 'Besättningen på ett rymdskepp jagas av en aggressiv utomjordisk livsform.', 'alien.jpg', '{"actor": "Sigourney Weaver, Ian Holm", "director": "Ridley Scott", "release_year": "1979", "production_company": "20th Century Fox", "production_counrty": "UK"}', 'horror', '15+', 2),
(37, 'The Notebook', 123, 'Engelska', 'Svenska', 'https://www.youtube.com/embed/NvfI8vUuJ04?si=f8gECTTAwoucx7T8', 'En fattig men passionerad ung man blir kär i en rik kvinna, men de skiljs åt av sina sociala skillnader.', 'notebook.jpg', '{"actor": "Ryan Gosling, Rachel McAdams", "director": "Nick Cassavetes", "release_year": "2004", "production_company": "New Line Cinema", "production_counrty": "USA"}', 'romance', '11+', 2),
(38, 'Titanic', 194, 'Engelska', 'Svenska', 'https://www.youtube.com/embed/dJxj1mou03M?si=GlT3lHgy-wijHlQ5', 'En aristokrat och en fattig konstnär blir kära ombord på den ödesdigra resan med RMS Titanic.', 'titanic.jpg', '{"actor": "Leonardo DiCaprio, Kate Winslet", "director": "James Cameron", "release_year": "1997", "production_company": "Paramount Pictures", "production_counrty": "USA"}', 'romance', '11+', 2),
(39, 'La La Land', 128, 'Engelska', 'Svenska', 'https://www.youtube.com/embed/0pdqf4P9MB8?si=bmUU9iY5sdHFZW9S', 'En jazzpianist och en aspirerande skådespelerska kämpar för att nå sina drömmar i Los Angeles.', 'la_la_land.jpg', '{"actor": "Ryan Gosling, Emma Stone", "director": "Damien Chazelle", "release_year": "2016", "production_company": "Summit Entertainment", "production_counrty": "USA"}', 'romance', 'btl', 2),
(40, 'Pride & Prejudice', 129, 'Engelska', 'Svenska', 'https://www.youtube.com/embed/Ur_DIHs92NM?si=HZfROTyoHzz9LjQE', 'Fem systrar i en engelsk adelsfamilj hanterar frågor om giftermål, moral och missförstånd.', 'pride_prejudice.jpg', '{"actor": "Keira Knightley, Matthew Macfadyen", "director": "Joe Wright", "release_year": "2005", "production_company": "StudioCanal", "production_counrty": "UK"}', 'romance', 'btl', 2);

INSERT IGNORE INTO salon (salonid, room_number, description, row_capacity, amenities, priceid) VALUES
(1,1,'Småsalong','8,8,8,8,8,8,8,8',null,null),
(2,2,'Störsalong','12,12,12,12,12,12,12,12',null,null);

INSERT IGNORE INTO screening (screeningid, start, filmid, salonid) VALUES
(1, '2026-03-01 14:00:00', 4, 1), 
(2, '2026-03-01 18:00:00', 21, 1), 
(3, '2026-03-01 16:00:00', 22, 2), 
(4, '2026-03-01 20:00:00', 22, 2),
(5, '2026-03-02 15:00:00', 2, 1), 
(6, '2026-03-02 19:00:00', 13, 1), 
(7, '2026-03-02 17:00:00', 14, 2), 
(8, '2026-03-02 21:00:00', 14, 2),
(9, '2026-03-03 15:00:00', 3, 1), 
(10, '2026-03-03 19:00:00', 17, 1), 
(11, '2026-03-03 17:00:00', 18, 2), 
(12, '2026-03-03 21:00:00', 18, 2),
(13, '2026-03-04 15:00:00', 1, 1), 
(14, '2026-03-04 19:00:00', 9, 1),  
(15, '2026-03-04 17:00:00', 10, 2), 
(16, '2026-03-04 21:00:00', 10, 2),
(17, '2026-03-05 15:00:00', 7, 1), 
(18, '2026-03-05 19:00:00', 33, 1), 
(19, '2026-03-05 17:00:00', 34, 2), 
(20, '2026-03-05 21:00:00', 34, 2),
(21, '2026-03-06 15:00:00', 8, 1), 
(22, '2026-03-06 19:00:00', 37, 1), 
(23, '2026-03-06 17:00:00', 38, 2), 
(24, '2026-03-06 21:00:00', 38, 2),
(25, '2026-03-07 13:00:00', 5, 1), 
(26, '2026-03-07 16:00:00', 25, 1), 
(27, '2026-03-07 14:00:00', 26, 2), 
(28, '2026-03-07 18:00:00', 26, 2),
(29, '2026-03-08 15:00:00', 23, 1), 
(30, '2026-03-08 19:00:00', 24, 1), 
(31, '2026-03-08 17:00:00', 4, 2), 
(32, '2026-03-08 21:00:00', 4, 2),
(33, '2026-03-09 15:00:00', 15, 1), 
(34, '2026-03-09 19:00:00', 16, 1), 
(35, '2026-03-09 17:00:00', 2, 2), 
(36, '2026-03-09 21:00:00', 2, 2),
(37, '2026-03-10 15:00:00', 19, 1), 
(38, '2026-03-10 19:00:00', 20, 1), 
(39, '2026-03-10 17:00:00', 3, 2), 
(40, '2026-03-10 21:00:00', 3, 2),
(41, '2026-03-11 15:00:00', 11, 1), 
(42, '2026-03-11 19:00:00', 12, 1), 
(43, '2026-03-11 17:00:00', 1, 2), 
(44, '2026-03-11 21:00:00', 1, 2),
(45, '2026-03-12 15:00:00', 35, 1), 
(46, '2026-03-12 19:00:00', 36, 1), 
(47, '2026-03-12 17:00:00', 7, 2), 
(48, '2026-03-12 21:00:00', 7, 2),
(49, '2026-03-13 15:00:00', 39, 1), 
(50, '2026-03-13 19:00:00', 40, 1), 
(51, '2026-03-13 17:00:00', 8, 2), 
(52, '2026-03-13 21:00:00', 8, 2),
(53, '2026-03-14 13:00:00', 27, 1), 
(54, '2026-03-14 16:00:00', 28, 1), 
(55, '2026-03-14 14:00:00', 5, 2), 
(56, '2026-03-14 18:00:00', 5, 2),
(57, '2026-03-15 15:00:00', 4, 1),  
(58, '2026-03-15 19:00:00', 21, 1), 
(59, '2026-03-15 17:00:00', 23, 2), 
(60, '2026-03-15 21:00:00', 23, 2),
(61, '2026-03-16 15:00:00', 14, 1), 
(62, '2026-03-16 19:00:00', 2, 1),  
(63, '2026-03-16 17:00:00', 15, 2), 
(64, '2026-03-16 21:00:00', 15, 2),
(65, '2026-03-17 15:00:00', 18, 1), 
(66, '2026-03-17 19:00:00', 3, 1),  
(67, '2026-03-17 17:00:00', 19, 2), 
(68, '2026-03-17 21:00:00', 19, 2),
(69, '2026-03-18 15:00:00', 10, 1), 
(70, '2026-03-18 19:00:00', 1, 1),  
(71, '2026-03-18 17:00:00', 11, 2), 
(72, '2026-03-18 21:00:00', 11, 2),
(73, '2026-03-19 15:00:00', 34, 1), 
(74, '2026-03-19 19:00:00', 7, 1),  
(75, '2026-03-19 17:00:00', 35, 2), 
(76, '2026-03-19 21:00:00', 35, 2),
(77, '2026-03-20 15:00:00', 38, 1), 
(78, '2026-03-20 19:00:00', 8, 1),  
(79, '2026-03-20 17:00:00', 39, 2), 
(80, '2026-03-20 21:00:00', 39, 2),
(81, '2026-03-21 13:00:00', 26, 1), 
(82, '2026-03-21 16:00:00', 5, 1),  
(83, '2026-03-21 14:00:00', 27, 2), 
(84, '2026-03-21 18:00:00', 27, 2),
(85, '2026-03-22 15:00:00', 22, 1), 
(86, '2026-03-22 19:00:00', 4, 1),  
(87, '2026-03-22 17:00:00', 21, 2), 
(88, '2026-03-22 21:00:00', 21, 2),
(89, '2025-12-20 15:00:00', 6, 1),  
(90, '2025-12-20 19:00:00', 29, 1), 
(91, '2025-12-20 17:00:00', 30, 2), 
(92, '2025-12-20 21:00:00', 30, 2),
(93, '2025-12-21 15:00:00', 31, 1), 
(94, '2025-12-21 19:00:00', 32, 1), 
(95, '2025-12-21 17:00:00', 6, 2),  
(96, '2025-12-21 21:00:00', 6, 2),
(97, '2025-12-24 13:00:00', 32, 1), 
(98, '2025-12-24 16:00:00', 30, 1), 
(99, '2025-12-24 14:00:00', 29, 2), 
(100, '2025-12-24 18:00:00', 29, 2),
(101, '2025-12-31 18:00:00', 31, 1), 
(102, '2025-12-31 21:00:00', 29, 1), 
(103, '2025-12-31 19:00:00', 32, 2), 
(104, '2025-12-31 23:00:00', 32, 2);

INSERT IGNORE INTO booking (bookingid, total_cost, date, guid, screeningid, userid) VALUES
(1,160,'2026-02-01 18:45:00','a1f3c9d2-4b21-4c9a-9d01-001aa1111111',1,1),
(2,120,'2026-02-01 19:00:00','b2e4d8a1-7c34-4f10-8a22-002bb2222222',2,2),
(3,280,'2026-02-02 17:30:00','c3d5e7b4-9a45-4a21-9b33-003cc3333333',3,NULL),
(4,200,'2026-02-02 18:15:00','d4a6f9c8-1b56-4b32-8c44-004dd4444444',4,3),
(5,240,'2026-02-03 19:00:00','e5b7a1d9-2c67-4c43-9d55-005ee5555555',5,NULL),
(6,140,'2026-02-03 16:45:00','f6c8b2e1-3d78-4d54-8e66-006ff6666666',6,4),
(7,160,'2026-02-04 18:30:00','a7d9c3f2-4e89-4e65-9f77-007aa7777777',7,5),
(8,120,'2026-02-04 17:00:00','b8e1d4a3-5f90-4f76-8a88-008bb8888888',8,NULL),
(9,280,'2026-02-05 19:00:00','c9f2e5b4-6091-4a87-9b99-009cc9999999',8,6),
(10,200,'2026-02-05 15:30:00','d0a3f6c5-7192-4b98-8c00-010dd0000000',5,NULL),
(11,240,'2026-02-05 18:00:00','e1b4a7d6-8293-4c09-9d11-011ee1111111',7,NULL),
(12,140,'2026-02-05 16:15:00','f2c5b8e7-9394-4d10-8e22-012ff2222222',8,NULL);

INSERT IGNORE INTO reservation (reservationid, seat_number, `row_number`, bookingid) VALUES
(1, 1, 1, 1),
(2, 2, 2, 2),
(3, 3, 3, 3),
(4, 4, 4, 4),
(5, 5, 5, 5),
(6, 6, 6, 6),
(7, 7, 7, 7),
(8, 8, 8, 8),
(9, 9, 1, 9),
(10, 10, 2, 10),
(11, 11, 3, 11),
(12, 12, 4, 12);

Set FOREIGN_KEY_CHECKS = 1;